{"actual": 1.0982555702776313, "random": [0.8226323187356328, 0.8177530935432227, 0.8237077561568011, 0.8537312917680349, 0.842027850555797, 0.8233955325834235, 0.804605378829609, 0.8033502302075921, 0.8366038027904792, 0.813135774324367, 0.7717030862752097, 0.8478026223219823, 0.8159634581877433, 0.8398959687382599, 0.8139601165714931, 0.8122212736666161, 0.8285455540844475, 0.8224614425606038, 0.8421638850014637, 0.8249426235293011, 0.8472325031436898, 0.8207229313920197, 0.8456461233812758, 0.839727671630738, 0.8391537945077947, 0.8372764555081547, 0.8334474713502933, 0.8405859891838263, 0.8114542778506688, 0.8074197138373052, 0.8476834426626101, 0.8229548065479697, 0.8213277324821688, 0.824128509956821, 0.8096031913568524, 0.8352823519924215, 0.8374427797307475, 0.8405628705165065, 0.8199447210538966, 0.8211760535192347, 0.8076883453295445, 0.8171885345084264, 0.8253040023574536, 0.8064967213140308, 0.8293644929084087, 0.8402302630160472, 0.8215443357257797, 0.8475875600183946, 0.8144309973379238, 0.846426000443596, 0.8238037314225781, 0.8338087586648788, 0.8109278475815163, 0.8389173561535523, 0.829156549084848, 0.8178016542600706, 0.8131102299247599, 0.8387835569783719, 0.8017130192581734, 0.8318934567687002, 0.84176175874486, 0.8362097404879272, 0.8082026041333457, 0.844844508338404, 0.8534591256737283, 0.8324109376767408, 0.8060788398439722, 0.842939797510535, 0.8139831966807238, 0.8324468641828116, 0.8211968983732314, 0.8514555483179909, 0.8161406634022248, 0.8303047477230803, 0.8311586343844579, 0.8242473532989005, 0.8424380287091822, 0.8230209041585637, 0.8276477504467206, 0.8215976783659864, 0.8061238974739002, 0.8316521686433695, 0.8346534141298676, 0.8096916041803806, 0.8143674745442417, 0.8445843866078941, 0.8146849710165354, 0.8141510373144552, 0.8333078044695785, 0.8025161622756061, 0.8324041219912766, 0.8363547003221921, 0.8235551282441202, 0.8187632900501913, 0.8189753566889988, 0.8256804039425529, 0.8283326222291774, 0.8237016796569252, 0.8271510858343769, 0.8226654072513353, 0.796614970525249, 0.807628630101813, 0.8198156813574715, 0.837299777872923, 0.8172923294744674, 0.8035156870024247, 0.8325358939418408, 0.7937553049536055, 0.8133946295705938, 0.8442033255915302, 0.813321473369472, 0.8154100106679174, 0.8227711609696593, 0.8350660870705084, 0.8145843527667489, 0.8234187398336374, 0.8376940244040723, 0.8214643595665325, 0.8181393806075612, 0.8359190058704904, 0.8320663704947691, 0.8330137945519938, 0.8518767342292253, 0.8130608688635701, 0.8443818916488175, 0.8370216959574721, 0.8238359306384144, 0.7916545623052189, 0.8110220322075725, 0.8191247480045376, 0.8325757369737063, 0.7851861233219064, 0.8299656031246088, 0.8118173428055939, 0.8172939985507801, 0.8178472809387729, 0.8201474270823934, 0.8644164472535454, 0.8263947560782208, 0.8547478193441889, 0.8245577695542285, 0.8305508368654579, 0.8431192901326494, 0.7898036243278108, 0.8315041353906889, 0.825485945701079, 0.8263431605405231, 0.7930658344327439, 0.8041072881465254, 0.8217780708748059, 0.8040571016215388, 0.8150787735848177, 0.8175938746656248, 0.8206660517619357, 0.8299131850655541, 0.8217275301521287, 0.7991436323811749, 0.807096730219252, 0.8323868789427187, 0.8382708650950212, 0.8209015292210642, 0.840123988732181, 0.837434414158974, 0.8333095734850733, 0.8331842347966028, 0.802366303461137, 0.840166544561892, 0.8142273335857229, 0.8557756765323816, 0.7936147276766707, 0.8369883092485526, 0.818877421357725, 0.8284971027836621, 0.7989926064061741, 0.8149505684697493, 0.8362339961291869, 0.8161260553822849, 0.7996473855909989, 0.827722230422167, 0.8357973847161992, 0.8223710094800405, 0.8412880496227062, 0.8171081927978059, 0.8220310279175449, 0.7999969390407193, 0.8522817354022143, 0.8171801646681631, 0.8109000035003886, 0.793088968199475, 0.7868607235354526, 0.8176322182292417, 0.8154659109412892, 0.8326489146512397, 0.838154128350429, 0.8103417238829742, 0.8173260712209389, 0.820906568496383, 0.8151896909117395, 0.8332821516365103, 0.7919737637134796, 0.8285589636460358, 0.8083363131239196, 0.8131951230580992, 0.8170778272946757, 0.8297065053021999, 0.8420679105732491, 0.8305847628111547, 0.8204987666650896, 0.8020777470471647, 0.828211726299624, 0.807457798340744, 0.8335497984972948, 0.8084774265687358, 0.8300845526759573, 0.8343655077729675, 0.8054444032369923, 0.8072386552525881, 0.8270159726294648, 0.7847428476546139, 0.856344487172753, 0.8149749904469556, 0.8102534209989096, 0.827537479793176, 0.8169233217960308, 0.8430580020042582, 0.8394012002737681, 0.8350800084812169, 0.8230604112272066, 0.788607248864488, 0.7866236559426181, 0.8180797355637071, 0.8350067169831952, 0.7834822885655193, 0.7935462738656405, 0.8187293874680244, 0.8356553029685627, 0.8347186056019587, 0.8046573245138455, 0.8387246879778874, 0.8370833134455988, 0.8327544848086972, 0.8530625234337417, 0.8472178831820276, 0.8219937176800933, 0.8538616535593084, 0.8180554346572302, 0.8213234637401776, 0.8274821350743744, 0.8402739445701022, 0.8315701169881891, 0.8294175063764033, 0.8590513269278828, 0.7885529326069405, 0.8213958695284871, 0.8461021118388765, 0.8110905889918749, 0.8419219809187679, 0.8437273631965008, 0.8238000399403183, 0.8169770243269954, 0.8195660273474465, 0.8124039835275922, 0.8611555396821677, 0.8193877497593298, 0.8185386072874496, 0.8730304790885943, 0.8562608765795743, 0.8085225958048863, 0.8161791367571607, 0.8277341824407143, 0.804665428614955, 0.812649003086098, 0.8120185889904359, 0.8310306159878593, 0.8404990959313747, 0.7954626903045934, 0.8151169904978277, 0.8366179934815627, 0.8240664201959695, 0.7888018109628707, 0.8469481294167953, 0.8270236753963538, 0.7885506510084308, 0.8150906426363682, 0.8105514473953881, 0.845307006124836, 0.8101044991256887, 0.8217614502287454, 0.7996875070601555, 0.8303397691880103, 0.8366277301723719, 0.8160906269515671, 0.8179109696753573, 0.8212797885765446, 0.8279930530336637, 0.7963765112287846, 0.8168685786289722, 0.7966413402758501, 0.8315687131111305, 0.8386892171560338, 0.7901072070476187, 0.8011629947267183, 0.7895143719457061, 0.8223047745904217, 0.8384241495653217, 0.829399081424725, 0.8267745914259057, 0.8438580906448054, 0.824089778896677, 0.8359987890387695, 0.8123503191423804, 0.8331209122987071, 0.8218196581446713, 0.8430995358816227, 0.8108192967932832, 0.8122381732636481, 0.8085727823163675, 0.8121124986301078, 0.7965498651530589, 0.8485843871867973, 0.8426098839719602, 0.8521948543307056, 0.8186401582114169, 0.8276689810213413, 0.7997024358981579, 0.8491894688396169, 0.803639166149712, 0.799021103392096, 0.8445476231353168, 0.8322872575085891, 0.8320083544478962, 0.7940642536992302, 0.8161145496195472, 0.8524533198698419, 0.8149315107696993, 0.8404506482769187, 0.8238423791702756, 0.8341501206352797, 0.8131953095623494, 0.8048797755461292, 0.8272687372451832, 0.8330552901506834, 0.8462127587834105, 0.8261769261823553, 0.8132235594677224, 0.8245999833171775, 0.7973865771473656, 0.8165484184464744, 0.8337535015822868, 0.838927801117969, 0.8306419104400036, 0.8037039625681566, 0.8209496345549103, 0.8319808435787988, 0.8198346275162056, 0.8036640891965714, 0.8380758755563418, 0.8032783565358048, 0.8272535196436204, 0.8209946197076621, 0.8245121974899787, 0.8474835168545041, 0.8089767567588355, 0.8066457647198162, 0.8099276127298465, 0.8193358841795815, 0.8172097360180435, 0.816972182060234, 0.807289882969443, 0.8157926463704122, 0.8206306931177785, 0.8033396096794334, 0.835991580861251, 0.8301667351565778, 0.8333377569054481, 0.8221028265770882, 0.8297220560032743, 0.8321299061307186, 0.8543808854874115, 0.797933309441407, 0.800660321247969, 0.828113871819079, 0.8229168793644592, 0.8374887720492987, 0.8304523047084507, 0.8272113090856066, 0.8317016765677248, 0.8465276187797535, 0.8202685642674985, 0.8258458669452933, 0.8563854265098212, 0.8374319658865432, 0.8387325236026935, 0.8209055455512464, 0.8216192670884894, 0.84057269296049, 0.8383416685381402, 0.8309947768461912, 0.8024139166248156, 0.8291131824570068, 